video_id,video_filename,policy_n,policy_d,source_alias,checkpoint_step,history_length,repeat_id,original_filename
01-01,PnPCounterToCab.mp4,3,2900,N3_D2900_ckpt280000_hist10_rep02,280000,10,rep02,PnPCounterToCab_ep000_success.mp4
01-02,PnPCabToCounter.mp4,3,2900,N3_D2900_ckpt280000_hist10_rep03,280000,10,rep03,PnPCabToCounter_ep000_success.mp4
01-03,PnPCounterToSink.mp4,5,1000,N5_D1000_ckpt100000_hist2_warmpad2,100000,2,,PnPCounterToSink_ep000_success.mp4
01-04,PnPSinkToCounter.mp4,4,2900,N4_D2900_ckpt280000_hist10_rep03,280000,10,rep03,PnPSinkToCounter_ep000_success.mp4
01-05,PnPCounterToMicrowave.mp4,1,300,N1_D300_ckpt30000_hist10_20260715_rep02,30000,10,rep02,PnPCounterToMicrowave_ep000_success.mp4
01-06,PnPCounterToStove.mp4,3,2900,N3_D2900_ckpt280000_hist10_rep03,280000,10,rep03,PnPCounterToStove_ep000_success.mp4
01-07,PnPStoveToCounter.mp4,3,2900,N3_D2900_ckpt280000_hist10_rep02,280000,10,rep02,PnPStoveToCounter_ep000_success.mp4
02-01,OpenSingleDoor.mp4,3,2900,N3_D2900_ckpt280000_hist10_rep02,280000,10,rep02,OpenSingleDoor_ep000_success.mp4
02-02,CloseSingleDoor.mp4,3,2900,N3_D2900_ckpt280000_hist10_rep02,280000,10,rep02,CloseSingleDoor_ep000_success.mp4
02-03,CloseDoubleDoor.mp4,3,2900,N3_D2900_ckpt280000_hist10_rep02,280000,10,rep02,CloseDoubleDoor_ep000_success.mp4
03-01,OpenDrawer.mp4,3,2900,N3_D2900_ckpt280000_hist10_rep02,280000,10,rep02,OpenDrawer_ep000_success.mp4
03-02,CloseDrawer.mp4,3,2900,N3_D2900_ckpt280000_hist10_rep02,280000,10,rep02,CloseDrawer_ep000_success.mp4
04-01,TurnOnSinkFaucet.mp4,3,2900,N3_D2900_ckpt280000_hist10_rep02,280000,10,rep02,TurnOnSinkFaucet_ep000_success.mp4
04-02,TurnOffSinkFaucet.mp4,3,2900,N3_D2900_ckpt280000_hist10_rep02,280000,10,rep02,TurnOffSinkFaucet_ep000_success.mp4
04-03,TurnSinkSpout.mp4,3,2900,N3_D2900_ckpt280000_hist10_rep02,280000,10,rep02,TurnSinkSpout_ep000_success.mp4
05-01,TurnOnStove.mp4,3,2900,N3_D2900_ckpt280000_hist10_rep02,280000,10,rep02,TurnOnStove_ep000_success.mp4
05-02,TurnOffStove.mp4,1,1000,N1_D1000_ckpt100000_hist2_20260718,100000,2,,TurnOffStove_ep000_success.mp4
06-01,CoffeeSetupMug.mp4,5,2900,N5_D2900_ckpt280000_hist10_20260719_rep03,280000,10,rep03,CoffeeSetupMug_ep000_success.mp4
06-02,CoffeeServeMug.mp4,2,1000,N2_D1000_ckpt100000_hist10_20260716_rep03,100000,10,rep03,CoffeeServeMug_ep000_success.mp4
07-01,CoffeePressButton.mp4,3,2900,N3_D2900_ckpt280000_hist10_rep02,280000,10,rep02,CoffeePressButton_ep000_success.mp4
07-02,TurnOnMicrowave.mp4,3,2900,N3_D2900_ckpt280000_hist10_rep02,280000,10,rep02,TurnOnMicrowave_ep000_success.mp4
07-03,TurnOffMicrowave.mp4,3,2900,N3_D2900_ckpt280000_hist10_rep02,280000,10,rep02,TurnOffMicrowave_ep000_success.mp4
